time_stamp, average time, incremental time, search time,fov check time, total time, alpha_bal, alpha_del
1720065309.56196523,0.03214435,0.01863507,-nan,7397.00000000,0.03214435,0.000000,0.000000
1720065309.66179609,0.02706305,0.01432841,-nan,11962.00000000,0.02198176,0.000000,0.000000
1720065309.76243496,0.02262701,0.01071435,-nan,8877.00000000,0.01375494,0.000000,0.000000
1720065309.86227798,0.02014666,0.00837438,-nan,8764.00000000,0.01270558,0.000000,0.000000
1720065309.96213031,0.02122053,0.00543501,0.00000202,9371.00000000,0.02551602,0.000000,0.000000
1720065310.06196904,0.02199961,0.00531649,0.00000190,9624.00000000,0.02589504,0.000000,0.000000
1720065310.16181397,0.03061327,0.00500792,0.00000838,9986.00000000,0.08229518,0.000000,0.000000
1720065310.26245618,0.02969986,0.00514447,0.00000188,10249.00000000,0.02330604,0.000000,0.000000
1720065310.36227465,0.02911075,0.00467139,0.00000189,10153.00000000,0.02439781,0.000000,0.000000
1720065310.46212149,0.02927172,0.00569214,0.00000252,10340.00000000,0.03072054,0.000000,0.000000
1720065310.56195569,0.02863061,0.00454017,0.00000178,10022.00000000,0.02221944,0.000000,0.000000
1720065310.66216779,0.03211467,0.00534895,0.00000677,10327.00000000,0.07043938,0.000000,0.000000
1720065310.76199532,0.03131294,0.00430016,0.00000181,10439.00000000,0.02169211,0.000000,0.000000
1720065310.86182833,0.03119493,0.00607024,0.00000204,10594.00000000,0.02966087,0.000000,0.000000
1720065310.96246147,0.03080849,0.00412471,0.00000192,10714.00000000,0.02539830,0.000000,0.000000
1720065311.06230450,0.03084049,0.00424457,0.00000292,10831.00000000,0.03132054,0.000000,0.000000
1720065311.16213727,0.03235704,0.00661796,0.00000526,10977.00000000,0.05662188,0.000000,0.000000
1720065311.26197863,0.03178316,0.00419163,0.00000191,11028.00000000,0.02202716,0.000000,0.000000
1720065311.36182332,0.03139520,0.00427532,0.00000193,11088.00000000,0.02441196,0.000000,0.000000
1720065311.46246028,0.03108440,0.00426420,0.00000179,11075.00000000,0.02517918,0.000000,0.000000
1720065311.56228495,0.03150149,0.00446961,0.00000342,11062.00000000,0.03984326,0.000000,0.000000
1720065311.66212916,0.03136220,0.00427637,0.00000247,11283.00000000,0.02843701,0.000000,0.000000
1720065311.76196790,0.03354884,0.00463743,0.00000757,11325.00000000,0.08165504,0.000000,0.000000
1720065311.86180544,0.03308510,0.00428310,0.00000188,11368.00000000,0.02241903,0.000000,0.000000
1720065311.96245599,0.03293030,0.00400782,0.00000230,11406.00000000,0.02921516,0.000000,0.000000
1720065312.06229591,0.03280799,0.00427533,0.00000238,11585.00000000,0.02975011,0.000000,0.000000
1720065312.16213489,0.03240393,0.00406016,0.00000185,11475.00000000,0.02189834,0.000000,0.000000
1720065312.26197577,0.03342392,0.00560404,0.00000597,11531.00000000,0.06096388,0.000000,0.000000
1720065312.36182427,0.03308573,0.00414930,0.00000185,11555.00000000,0.02361623,0.000000,0.000000
1720065312.46245837,0.03308641,0.00703433,0.00000237,11624.00000000,0.03310607,0.000000,0.000000
1720065312.56229973,0.03444129,0.00668021,0.00000723,11609.00000000,0.07508769,0.000000,0.000000
1720065312.66213965,0.03408684,0.00386314,0.00000192,11499.00000000,0.02309913,0.000000,0.000000
1720065312.76197720,0.03384749,0.00451426,0.00000196,11569.00000000,0.02618833,0.000000,0.000000
1720065312.86181188,0.03379577,0.00493863,0.00000248,11573.00000000,0.03208890,0.000000,0.000000
1720065312.96244645,0.03361294,0.00439791,0.00000191,11435.00000000,0.02739664,0.000000,0.000000
1720065313.06227732,0.03428953,0.00540857,0.00000530,11395.00000000,0.05797030,0.000000,0.000000
1720065313.16212988,0.03401404,0.00381468,0.00000204,11355.00000000,0.02409638,0.000000,0.000000
1720065313.26198149,0.03380843,0.00393500,0.00000212,11527.00000000,0.02620075,0.000000,0.000000
1720065313.36181355,0.03497858,0.00411066,0.00000722,11614.00000000,0.07944445,0.000000,0.000000
1720065313.46245956,0.03466112,0.00446532,0.00000185,11599.00000000,0.02227987,0.000000,0.000000
1720065313.56229258,0.03442094,0.00415298,0.00000197,11575.00000000,0.02481397,0.000000,0.000000
1720065313.66212749,0.03420436,0.00408113,0.00000190,11581.00000000,0.02532475,0.000000,0.000000
1720065313.76196432,0.03401041,0.00491665,0.00000183,11563.00000000,0.02586422,0.000000,0.000000
1720065313.86180544,0.03464386,0.00427232,0.00000613,11627.00000000,0.06188225,0.000000,0.000000
1720065313.96245313,0.03437767,0.00391846,0.00000186,11700.00000000,0.02266546,0.000000,0.000000
1720065314.06228781,0.03415223,0.00385633,0.00000193,11747.00000000,0.02400747,0.000000,0.000000
1720065314.16214108,0.03436205,0.00602475,0.00000368,11796.00000000,0.04401344,0.000000,0.000000
1720065314.26198435,0.03436563,0.00393437,0.00000339,11872.00000000,0.03453425,0.000000,0.000000
1720065314.36183596,0.03426566,0.00405753,0.00000262,11967.00000000,0.02946687,0.000000,0.000000
1720065314.46246982,0.03505117,0.00396101,0.00000723,11971.00000000,0.07354131,0.000000,0.000000
1720065314.56230354,0.03487452,0.00400300,0.00000205,11996.00000000,0.02604199,0.000000,0.000000
1720065314.66214466,0.03465241,0.00468111,0.00000193,11994.00000000,0.02332483,0.000000,0.000000
1720065314.76197934,0.03470569,0.00386856,0.00000354,11939.00000000,0.03747628,0.000000,0.000000
1720065314.86181068,0.03524237,0.00403027,0.00000669,11986.00000000,0.06368616,0.000000,0.000000
1720065314.96244550,0.03500576,0.00388532,0.00000191,12012.00000000,0.02222878,0.000000,0.000000
1720065315.06230068,0.03501787,0.00381865,0.00000331,11986.00000000,0.03568434,0.000000,0.000000
1720065315.16214180,0.03482609,0.00390356,0.00000184,12029.00000000,0.02408628,0.000000,0.000000
1720065315.26198220,0.03460759,0.00389653,0.00000190,12005.00000000,0.02215269,0.000000,0.000000
1720065315.36181951,0.03443831,0.00395665,0.00000187,12001.00000000,0.02462017,0.000000,0.000000
1720065315.46246219,0.03438147,0.00411261,0.00000271,11953.00000000,0.03102797,0.000000,0.000000
1720065315.56230927,0.03420049,0.00388400,0.00000187,11967.00000000,0.02334187,0.000000,0.000000
1720065315.66214275,0.03469875,0.00384511,0.00000647,12049.00000000,0.06509259,0.000000,0.000000
1720065315.76199532,0.03449955,0.00389984,0.00000190,12098.00000000,0.02214933,0.000000,0.000000
1720065315.86182809,0.03431609,0.00391121,0.00000203,12086.00000000,0.02275763,0.000000,0.000000
1720065315.96247292,0.03444482,0.00550779,0.00000376,12125.00000000,0.04268379,0.000000,0.000000
1720065316.06230998,0.03427349,0.00379403,0.00000191,12156.00000000,0.02313698,0.000000,0.000000
1720065316.16214991,0.03412179,0.00391646,0.00000206,12207.00000000,0.02410983,0.000000,0.000000
1720065316.26199293,0.03458650,0.00383649,0.00000604,12192.00000000,0.06572196,0.000000,0.000000
1720065316.36182570,0.03441947,0.00398818,0.00000184,12246.00000000,0.02306104,0.000000,0.000000
1720065316.46246099,0.03426983,0.00480166,0.00000198,12297.00000000,0.02394525,0.000000,0.000000
1720065316.56229568,0.03434419,0.00485809,0.00000333,12252.00000000,0.03954940,0.000000,0.000000
1720065316.66215634,0.03423647,0.00418996,0.00000227,12206.00000000,0.02658819,0.000000,0.000000
1720065316.76200366,0.03411849,0.00398704,0.00000212,12221.00000000,0.02562382,0.000000,0.000000
1720065316.86185598,0.03406280,0.00385184,0.00000226,12081.00000000,0.02999736,0.000000,0.000000
1720065316.96249008,0.03392224,0.00420362,0.00000186,12140.00000000,0.02352060,0.000000,0.000000
1720065317.06233025,0.03402899,0.00512871,0.00000410,12158.00000000,0.04203565,0.000000,0.000000
1720065317.16217232,0.03390433,0.00396558,0.00000196,12189.00000000,0.02442976,0.000000,0.000000
1720065317.26200986,0.03377276,0.00420550,0.00000185,12122.00000000,0.02364188,0.000000,0.000000
1720065317.36185098,0.03425488,0.00527623,0.00000712,12139.00000000,0.07186073,0.000000,0.000000
1720065317.46249461,0.03411796,0.00374262,0.00000189,12202.00000000,0.02330119,0.000000,0.000000
1720065317.56232762,0.03398289,0.00391669,0.00000194,12225.00000000,0.02317719,0.000000,0.000000
1720065317.66215920,0.03387157,0.00371800,0.00000183,12255.00000000,0.02485483,0.000000,0.000000
1720065317.76200008,0.03384015,0.00388598,0.00000294,12274.00000000,0.03126315,0.000000,0.000000
1720065317.86184573,0.03374939,0.00405525,0.00000198,12200.00000000,0.02621686,0.000000,0.000000
1720065317.96247792,0.03413731,0.00399582,0.00000598,12192.00000000,0.06672214,0.000000,0.000000
1720065318.06231833,0.03401748,0.00392335,0.00000193,12208.00000000,0.02383200,0.000000,0.000000
1720065318.16216493,0.03390452,0.00448092,0.00000193,12251.00000000,0.02418986,0.000000,0.000000
1720065318.26200056,0.03396439,0.00496168,0.00000373,12203.00000000,0.03917374,0.000000,0.000000
1720065318.36184525,0.03388559,0.00374632,0.00000214,12188.00000000,0.02695081,0.000000,0.000000
1720065318.46247578,0.03375651,0.00369357,0.00000195,12199.00000000,0.02226820,0.000000,0.000000
1720065318.56230998,0.03367951,0.00403690,0.00000226,12262.00000000,0.02674977,0.000000,0.000000
1720065318.66215158,0.03387717,0.00375409,0.00000486,12256.00000000,0.05186386,0.000000,0.000000
1720065318.76199698,0.03376518,0.00392203,0.00000191,12216.00000000,0.02346211,0.000000,0.000000
1720065318.86184502,0.03367342,0.00460798,0.00000199,12175.00000000,0.02513985,0.000000,0.000000
1720065318.96247673,0.03405808,0.00476907,0.00000677,12164.00000000,0.07021671,0.000000,0.000000
1720065319.06231380,0.03393677,0.00406335,0.00000194,12191.00000000,0.02241215,0.000000,0.000000
1720065319.16216016,0.03387120,0.00478163,0.00000223,12252.00000000,0.02757586,0.000000,0.000000
1720065319.26201248,0.03379217,0.00460667,0.00000214,12236.00000000,0.02612619,0.000000,0.000000
1720065319.36184454,0.03366653,0.00399626,0.00000180,12306.00000000,0.02135468,0.000000,0.000000
1720065319.46248317,0.03406757,0.00400806,0.00000716,12337.00000000,0.07377039,0.000000,0.000000
1720065319.56232905,0.03395137,0.00430566,0.00000184,12396.00000000,0.02233085,0.000000,0.000000
1720065319.66217899,0.03396437,0.00621747,0.00000310,12474.00000000,0.03527733,0.000000,0.000000
1720065319.76203322,0.03388872,0.00409087,0.00000225,12424.00000000,0.02617268,0.000000,0.000000
1720065319.86187816,0.03378786,0.00410250,0.00000187,12449.00000000,0.02339887,0.000000,0.000000
1720065319.96212006,0.03370203,0.00420642,0.00000198,12499.00000000,0.02477667,0.000000,0.000000
1720065320.06196189,0.03371393,0.00524879,0.00000336,12620.00000000,0.03496271,0.000000,0.000000
1720065320.16179252,0.03363468,0.00398388,0.00000196,12727.00000000,0.02523470,0.000000,0.000000
1720065320.26243329,0.03354412,0.00441627,0.00000200,12794.00000000,0.02385440,0.000000,0.000000
1720065320.36227059,0.03351405,0.00403526,0.00000268,12834.00000000,0.03026589,0.000000,0.000000
1720065320.46212173,0.03348475,0.00382278,0.00000257,12890.00000000,0.03029135,0.000000,0.000000
1720065320.56196833,0.03378468,0.00484949,0.00000748,12880.00000000,0.06677661,0.000000,0.000000
1720065320.66182089,0.03368495,0.00382696,0.00000197,12903.00000000,0.02261465,0.000000,0.000000
1720065320.76245356,0.03376789,0.01358728,0.00000299,12981.00000000,0.04305815,0.000000,0.000000
1720065320.86228085,0.03370916,0.00385788,0.00000216,12998.00000000,0.02707233,0.000000,0.000000
1720065320.96210432,0.03360163,0.00465001,0.00000187,13167.00000000,0.02134295,0.000000,0.000000
1720065321.06194949,0.03351101,0.00379568,0.00000208,13213.00000000,0.02308939,0.000000,0.000000
1720065321.16218257,0.03340184,0.00395848,0.00000190,13324.00000000,0.02073796,0.000000,0.000000
1720065321.26202178,0.03375557,0.00572618,0.00000833,13406.00000000,0.07514265,0.000000,0.000000
1720065321.36186457,0.03364492,0.00339453,0.00000202,13416.00000000,0.02058775,0.000000,0.000000
1720065321.46211600,0.03355982,0.00430340,0.00000227,13459.00000000,0.02343270,0.000000,0.000000
1720065321.56196356,0.03351045,0.00361898,0.00000280,13546.00000000,0.02758700,0.000000,0.000000
1720065321.66180778,0.03342557,0.00394732,0.00000245,13652.00000000,0.02315529,0.000000,0.000000
1720065321.76245308,0.03336364,0.00625314,0.00000220,13701.00000000,0.02580761,0.000000,0.000000
1720065321.86229777,0.03330858,0.00313497,0.00000241,13573.00000000,0.02653604,0.000000,0.000000
1720065321.96214080,0.03320483,0.00320708,0.00000211,13729.00000000,0.02034044,0.000000,0.000000
1720065322.06198716,0.03358274,0.00408116,0.00000856,13835.00000000,0.08082095,0.000000,0.000000
1720065322.16181707,0.03347863,0.00352568,0.00000192,13674.00000000,0.02036064,0.000000,0.000000
1720065322.26245475,0.03348451,0.00449183,0.00000400,13714.00000000,0.03423207,0.000000,0.000000
1720065322.36230016,0.03337847,0.00320897,0.00000200,13715.00000000,0.01980415,0.000000,0.000000
1720065322.46213365,0.03342056,0.00468134,0.00000442,13799.00000000,0.03885048,0.000000,0.000000
1720065322.56198716,0.03333535,0.00307271,0.00000224,13892.00000000,0.02225835,0.000000,0.000000
1720065322.66180849,0.03323790,0.00349184,0.00000200,13959.00000000,0.02047145,0.000000,0.000000
1720065322.76244187,0.03351028,0.00386095,0.00000837,13708.00000000,0.06946458,0.000000,0.000000
1720065322.86227703,0.03340777,0.00304381,0.00000198,13803.00000000,0.01977384,0.000000,0.000000
1720065322.96213484,0.03332392,0.00333710,0.00000203,13915.00000000,0.02208833,0.000000,0.000000
1720065323.06196237,0.03343483,0.00615502,0.00000522,13972.00000000,0.04840763,0.000000,0.000000
1720065323.16180325,0.03333641,0.00325397,0.00000184,14121.00000000,0.01995113,0.000000,0.000000
1720065323.26243377,0.03324252,0.00329757,0.00000204,14128.00000000,0.02038017,0.000000,0.000000
1720065323.36226916,0.03346856,0.00316439,0.00000804,14175.00000000,0.06466134,0.000000,0.000000
1720065323.46211863,0.03337759,0.00369154,0.00000198,14230.00000000,0.02073323,0.000000,0.000000
1720065323.56196570,0.03330098,0.00319807,0.00000225,14338.00000000,0.02257602,0.000000,0.000000
1720065323.66180229,0.03331725,0.00369874,0.00000468,14444.00000000,0.03561023,0.000000,0.000000
1720065323.76242685,0.03325533,0.00289084,0.00000290,14542.00000000,0.02446266,0.000000,0.000000
1720065323.86226702,0.03314757,0.00278138,0.00000196,14611.00000000,0.01773858,0.000000,0.000000
1720065323.96210432,0.03311795,0.00540020,0.00000307,14696.00000000,0.02885258,0.000000,0.000000
1720065324.06193638,0.03302077,0.00289282,0.00000194,14810.00000000,0.01892981,0.000000,0.000000
1720065324.16216421,0.03292206,0.00284404,0.00000202,14827.00000000,0.01851012,0.000000,0.000000
1720065324.26199603,0.03286873,0.00280598,0.00000273,14831.00000000,0.02502959,0.000000,0.000000
1720065324.36183357,0.03283279,0.00267494,0.00000335,14935.00000000,0.02751392,0.000000,0.000000
1720065324.46247029,0.03276463,0.00291023,0.00000289,15016.00000000,0.02260896,0.000000,0.000000
1720065324.56230092,0.03267949,0.00312729,0.00000224,15089.00000000,0.01990787,0.000000,0.000000
1720065324.66213250,0.03265819,0.00526789,0.00000350,14821.00000000,0.02944209,0.000000,0.000000
1720065324.76196122,0.03254712,0.00253319,0.00000182,14919.00000000,0.01566440,0.000000,0.000000
1720065324.86180782,0.03244562,0.00265298,0.00000200,15018.00000000,0.01691555,0.000000,0.000000
1720065324.96244335,0.03251716,0.00717440,0.00000482,15150.00000000,0.04353443,0.000000,0.000000
1720065325.06228352,0.03240737,0.00257335,0.00000194,15122.00000000,0.01538978,0.000000,0.000000
1720065325.16211796,0.03230703,0.00270410,0.00000197,15217.00000000,0.01665430,0.000000,0.000000
1720065325.26195526,0.03222606,0.00293856,0.00000244,15344.00000000,0.01951357,0.000000,0.000000
1720065325.36179852,0.03210924,0.00237032,0.00000188,15464.00000000,0.01365142,0.000000,0.000000
1720065325.46243119,0.03216560,0.00570311,0.00000645,15398.00000000,0.04112763,0.000000,0.000000
1720065325.56227803,0.03204755,0.00178302,0.00000173,15272.00000000,0.01315874,0.000000,0.000000
1720065325.66212726,0.03193807,0.00196555,0.00000197,15336.00000000,0.01431199,0.000000,0.000000
1720065325.76195002,0.03185912,0.00272204,0.00000194,15348.00000000,0.01906911,0.000000,0.000000
1720065325.86218524,0.03174237,0.00198930,0.00000182,15431.00000000,0.01271267,0.000000,0.000000
1720065325.96203828,0.03166906,0.00353494,0.00000219,15495.00000000,0.01964643,0.000000,0.000000
1720065326.06188917,0.03171794,0.00597258,0.00000611,15259.00000000,0.03978261,0.000000,0.000000
1720065326.16212034,0.03161389,0.00197006,0.00000210,15374.00000000,0.01434269,0.000000,0.000000
1720065326.26195312,0.03150596,0.00219541,0.00000191,15471.00000000,0.01348176,0.000000,0.000000
1720065326.36180425,0.03140435,0.00336468,0.00000185,15591.00000000,0.01433229,0.000000,0.000000
1720065326.46245122,0.03129838,0.00210772,0.00000199,14174.00000000,0.01339094,0.000000,0.000000
1720065326.56228161,0.03131402,0.00374201,0.00000584,14312.00000000,0.03397221,0.000000,0.000000
1720065326.66211891,0.03120192,0.00190161,0.00000198,14430.00000000,0.01203320,0.000000,0.000000
1720065326.76195765,0.03109996,0.00220944,0.00000201,14561.00000000,0.01356317,0.000000,0.000000
1720065326.86179209,0.03100317,0.00340987,0.00000202,14695.00000000,0.01425798,0.000000,0.000000
1720065326.96242952,0.03090107,0.00214870,0.00000232,14926.00000000,0.01313610,0.000000,0.000000
1720065327.06225801,0.03080328,0.00199758,0.00000208,15137.00000000,0.01369007,0.000000,0.000000
1720065327.16207933,0.03075234,0.00432932,0.00000342,15329.00000000,0.02178640,0.000000,0.000000
1720065327.26192021,0.03067527,0.00341921,0.00000246,15573.00000000,0.01703352,0.000000,0.000000
1720065327.36217618,0.03057910,0.00263034,0.00000219,15911.00000000,0.01346077,0.000000,0.000000
1720065327.46200633,0.03059827,0.00637601,0.00000609,16189.00000000,0.03402939,0.000000,0.000000
1720065327.56185794,0.03050005,0.00183218,0.00000224,16384.00000000,0.01282107,0.000000,0.000000
1720065327.66250587,0.03039958,0.00176157,0.00000199,16579.00000000,0.01221421,0.000000,0.000000
1720065327.76234460,0.03053382,0.00705169,0.00001094,16734.00000000,0.05496542,0.000000,0.000000
1720065327.86218786,0.03043098,0.00176739,0.00000215,16884.00000000,0.01161237,0.000000,0.000000
1720065327.96202374,0.03034189,0.00177220,0.00000222,16865.00000000,0.01394840,0.000000,0.000000
1720065328.06186366,0.03025659,0.00168644,0.00000250,17032.00000000,0.01447646,0.000000,0.000000
1720065328.16250467,0.03015426,0.00168041,0.00000204,16990.00000000,0.01111998,0.000000,0.000000
1720065328.26233196,0.03025003,0.00698067,0.00001046,17140.00000000,0.04815939,0.000000,0.000000
1720065328.36216235,0.03015901,0.00169166,0.00000235,17259.00000000,0.01304838,0.000000,0.000000
1720065328.46201348,0.03006777,0.00181548,0.00000233,17378.00000000,0.01282335,0.000000,0.000000
1720065328.56185961,0.02999080,0.00173983,0.00000275,17422.00000000,0.01536511,0.000000,0.000000
1720065328.66250038,0.02994960,0.00209050,0.00000414,17506.00000000,0.02208179,0.000000,0.000000
1720065328.76233792,0.02985194,0.00181248,0.00000202,17635.00000000,0.01110095,0.000000,0.000000
1720065328.86218452,0.02976705,0.00195761,0.00000208,17418.00000000,0.01338186,0.000000,0.000000
1720065328.96202707,0.02969644,0.00160725,0.00000326,17509.00000000,0.01599931,0.000000,0.000000
1720065329.06188393,0.02960888,0.00158994,0.00000223,17596.00000000,0.01253388,0.000000,0.000000
1720065329.16212225,0.02971017,0.00721488,0.00000974,17712.00000000,0.04956290,0.000000,0.000000
1720065329.26196361,0.02961848,0.00219222,0.00000201,17797.00000000,0.01155544,0.000000,0.000000
1720065329.36180449,0.02955406,0.00342372,0.00000272,17861.00000000,0.01679951,0.000000,0.000000
1720065329.46243691,0.02950023,0.00182127,0.00000320,17950.00000000,0.01878876,0.000000,0.000000
1720065329.56227064,0.02942246,0.00151665,0.00000211,18001.00000000,0.01386716,0.000000,0.000000
1720065329.66211820,0.02948337,0.00490665,0.00000782,18063.00000000,0.04172648,0.000000,0.000000
1720065329.76195431,0.02939544,0.00161270,0.00000220,18131.00000000,0.01163401,0.000000,0.000000
1720065329.86180544,0.02932176,0.00199372,0.00000279,18206.00000000,0.01436574,0.000000,0.000000
1720065329.96243310,0.02927836,0.00160205,0.00000421,18278.00000000,0.02042463,0.000000,0.000000
1720065330.06228042,0.02920946,0.00161514,0.00000283,18315.00000000,0.01508431,0.000000,0.000000
1720065330.16212773,0.02916675,0.00276845,0.00000287,18369.00000000,0.02036896,0.000000,0.000000
1720065330.26194763,0.02921475,0.00550581,0.00000828,18406.00000000,0.03915043,0.000000,0.000000
1720065330.36179352,0.02912815,0.00164469,0.00000202,18482.00000000,0.01111548,0.000000,0.000000
1720065330.46242595,0.02904940,0.00182181,0.00000216,18548.00000000,0.01259045,0.000000,0.000000
1720065330.56226754,0.02897432,0.00170837,0.00000230,18485.00000000,0.01320659,0.000000,0.000000
1720065330.66210556,0.02889407,0.00158784,0.00000212,18464.00000000,0.01196233,0.000000,0.000000
1720065330.76195931,0.02882669,0.00352982,0.00000237,18566.00000000,0.01454282,0.000000,0.000000
1720065330.86179805,0.02876954,0.00162137,0.00000305,18633.00000000,0.01659478,0.000000,0.000000
1720065330.96245193,0.02868916,0.00169371,0.00000208,18687.00000000,0.01148820,0.000000,0.000000
1720065331.06228995,0.02863429,0.00240712,0.00000231,18784.00000000,0.01683856,0.000000,0.000000
1720065331.16213560,0.02856709,0.00189271,0.00000212,18401.00000000,0.01405069,0.000000,0.000000
1720065331.26197958,0.02849865,0.00179919,0.00000213,18564.00000000,0.01364710,0.000000,0.000000
1720065331.36181736,0.02859408,0.00465256,0.00000983,18618.00000000,0.04939759,0.000000,0.000000
1720065331.46244812,0.02851978,0.00180673,0.00000213,18692.00000000,0.01224940,0.000000,0.000000
1720065331.56228876,0.02844886,0.00192228,0.00000225,18759.00000000,0.01284477,0.000000,0.000000
1720065331.66213250,0.02840925,0.00170855,0.00000344,18859.00000000,0.01965722,0.000000,0.000000
1720065331.76196790,0.02833654,0.00201222,0.00000212,18981.00000000,0.01219336,0.000000,0.000000
1720065331.86181688,0.02846361,0.00828173,0.00001082,19061.00000000,0.05680175,0.000000,0.000000
1720065331.96244407,0.02839214,0.00233935,0.00000202,19166.00000000,0.01238311,0.000000,0.000000
1720065332.06229377,0.02833055,0.00183416,0.00000234,19267.00000000,0.01447119,0.000000,0.000000
1720065332.16212201,0.02829703,0.00399111,0.00000316,19368.00000000,0.02072236,0.000000,0.000000
1720065332.26197195,0.02823037,0.00199146,0.00000216,19435.00000000,0.01309914,0.000000,0.000000
1720065332.36180377,0.02827070,0.00521157,0.00000649,19529.00000000,0.03746604,0.000000,0.000000
1720065332.46243310,0.02820519,0.00264022,0.00000222,19618.00000000,0.01320222,0.000000,0.000000
1720065332.56226158,0.02814293,0.00193212,0.00000248,19685.00000000,0.01382390,0.000000,0.000000
1720065332.66209197,0.02813742,0.00432066,0.00000474,19752.00000000,0.02686375,0.000000,0.000000
1720065332.76193500,0.02807749,0.00174977,0.00000245,19088.00000000,0.01417371,0.000000,0.000000
1720065332.86217570,0.02803330,0.00190266,0.00000264,19242.00000000,0.01773842,0.000000,0.000000
1720065332.96200824,0.02809418,0.00805762,0.00000756,19404.00000000,0.04233843,0.000000,0.000000
1720065333.06185818,0.02802696,0.00186385,0.00000220,19562.00000000,0.01223062,0.000000,0.000000
1720065333.16249394,0.02796487,0.00223904,0.00000219,19696.00000000,0.01331257,0.000000,0.000000
1720065333.26234055,0.02794999,0.00209282,0.00000370,19774.00000000,0.02442377,0.000000,0.000000
1720065333.36216426,0.02797955,0.00298814,0.00000784,19909.00000000,0.03501486,0.000000,0.000000
1720065333.46200633,0.02792075,0.00205370,0.00000218,20017.00000000,0.01386658,0.000000,0.000000
1720065333.56184983,0.02787121,0.00307560,0.00000219,20137.00000000,0.01598227,0.000000,0.000000
1720065333.66248775,0.02781358,0.00206215,0.00000235,20250.00000000,0.01392364,0.000000,0.000000
1720065333.76231551,0.02775032,0.00204246,0.00000214,20353.00000000,0.01244116,0.000000,0.000000
1720065333.86216259,0.02780947,0.00566862,0.00000865,20414.00000000,0.04218288,0.000000,0.000000
1720065333.96200299,0.02776007,0.00203941,0.00000252,20519.00000000,0.01570700,0.000000,0.000000
1720065334.06184745,0.02770870,0.00239615,0.00000239,20585.00000000,0.01512358,0.000000,0.000000
1720065334.16248560,0.02767081,0.00180438,0.00000265,20669.00000000,0.01834930,0.000000,0.000000
1720065334.26233292,0.02764184,0.00230360,0.00000291,20780.00000000,0.02048754,0.000000,0.000000
1720065334.36218143,0.02758605,0.00186963,0.00000245,20837.00000000,0.01374982,0.000000,0.000000
1720065334.46203279,0.02754215,0.00168643,0.00000304,20918.00000000,0.01661140,0.000000,0.000000
1720065334.56186056,0.02749229,0.00176859,0.00000285,20998.00000000,0.01502719,0.000000,0.000000
1720065334.66249132,0.02742968,0.00179672,0.00000213,21067.00000000,0.01171263,0.000000,0.000000
1720065334.76233482,0.02744434,0.00508825,0.00000530,21147.00000000,0.03113842,0.000000,0.000000
1720065334.86215997,0.02740741,0.00224246,0.00000357,21199.00000000,0.01806636,0.000000,0.000000
1720065334.96199918,0.02734601,0.00167776,0.00000212,21273.00000000,0.01174981,0.000000,0.000000
1720065335.06183577,0.02731393,0.00175701,0.00000333,21345.00000000,0.01913368,0.000000,0.000000
1720065335.16248178,0.02728830,0.00361016,0.00000355,21399.00000000,0.02072541,0.000000,0.000000
1720065335.26231384,0.02723502,0.00163920,0.00000224,21462.00000000,0.01354179,0.000000,0.000000
1720065335.36213231,0.02717764,0.00176196,0.00000218,21554.00000000,0.01237591,0.000000,0.000000
1720065335.46196914,0.02711938,0.00189863,0.00000216,21634.00000000,0.01202834,0.000000,0.000000
1720065335.56181192,0.02706066,0.00195613,0.00000213,21748.00000000,0.01179331,0.000000,0.000000
1720065335.66246867,0.02710598,0.00543526,0.00000678,21821.00000000,0.03893461,0.000000,0.000000
1720065335.76231670,0.02706453,0.00187699,0.00000228,21925.00000000,0.01620516,0.000000,0.000000
1720065335.86215138,0.02701411,0.00200553,0.00000227,21985.00000000,0.01375425,0.000000,0.000000
1720065335.96199799,0.02699454,0.00227804,0.00000380,22057.00000000,0.02182637,0.000000,0.000000
1720065336.06182623,0.02694727,0.00194341,0.00000269,22095.00000000,0.01442247,0.000000,0.000000
1720065336.16246128,0.02689292,0.00217955,0.00000224,22183.00000000,0.01243428,0.000000,0.000000
1720065336.26231194,0.02689090,0.00384686,0.00000495,22250.00000000,0.02635377,0.000000,0.000000
1720065336.36214089,0.02684793,0.00196158,0.00000260,22316.00000000,0.01533020,0.000000,0.000000
1720065336.46197343,0.02681806,0.00310975,0.00000314,22332.00000000,0.01878245,0.000000,0.000000
1720065336.56180549,0.02676864,0.00181689,0.00000243,22311.00000000,0.01342765,0.000000,0.000000
1720065336.66243196,0.02674736,0.00331354,0.00000439,22392.00000000,0.02097805,0.000000,0.000000
1720065336.76228499,0.02669574,0.00155850,0.00000221,22458.00000000,0.01265750,0.000000,0.000000
1720065336.86212444,0.02664611,0.00189591,0.00000241,22489.00000000,0.01309705,0.000000,0.000000
1720065336.96196890,0.02658609,0.00143879,0.00000206,22451.00000000,0.01014023,0.000000,0.000000
1720065337.06180739,0.02652830,0.00149332,0.00000209,22492.00000000,0.01063548,0.000000,0.000000
1720065337.16243625,0.02647092,0.00151884,0.00000206,22541.00000000,0.01063400,0.000000,0.000000
1720065337.26227450,0.02642221,0.00187953,0.00000234,22624.00000000,0.01293062,0.000000,0.000000
1720065337.36211133,0.02646619,0.00582191,0.00000960,22733.00000000,0.03869267,0.000000,0.000000
1720065337.46194482,0.02641153,0.00144628,0.00000215,22767.00000000,0.01116030,0.000000,0.000000
1720065337.56216621,0.02635997,0.00166651,0.00000235,22852.00000000,0.01192272,0.000000,0.000000
1720065337.66201401,0.02630499,0.00179730,0.00000217,22969.00000000,0.01085462,0.000000,0.000000
1720065337.76186061,0.02627063,0.00401010,0.00000265,23164.00000000,0.01658233,0.000000,0.000000
1720065337.86250067,0.02622892,0.00325514,0.00000240,23439.00000000,0.01442498,0.000000,0.000000
1720065337.96234560,0.02621253,0.00280818,0.00000336,23703.00000000,0.02155755,0.000000,0.000000
1720065338.06219196,0.02616386,0.00227702,0.00000222,24085.00000000,0.01229266,0.000000,0.000000
1720065338.16201854,0.02612214,0.00211109,0.00000257,24468.00000000,0.01419101,0.000000,0.000000
1720065338.26186228,0.02610617,0.00217171,0.00000516,24741.00000000,0.02152377,0.000000,0.000000
1720065338.36210942,0.02607891,0.00235143,0.00000359,24896.00000000,0.01822573,0.000000,0.000000
1720065338.46195126,0.02603886,0.00191755,0.00000244,24966.00000000,0.01446481,0.000000,0.000000
1720065338.56179094,0.02600683,0.00207596,0.00000333,25191.00000000,0.01671941,0.000000,0.000000
1720065338.66243649,0.02595860,0.00196338,0.00000216,25390.00000000,0.01192439,0.000000,0.000000
1720065338.76227307,0.02591489,0.00262933,0.00000211,25527.00000000,0.01315035,0.000000,0.000000
1720065338.86209464,0.02594206,0.00722645,0.00000596,25649.00000000,0.03390370,0.000000,0.000000
1720065338.96192861,0.02589363,0.00190748,0.00000246,25794.00000000,0.01165425,0.000000,0.000000
1720065339.06217933,0.02584908,0.00233844,0.00000227,25919.00000000,0.01270795,0.000000,0.000000
1720065339.16200852,0.02585528,0.00401782,0.00000561,26066.00000000,0.02769056,0.000000,0.000000
1720065339.26185393,0.02580706,0.00229605,0.00000212,26262.00000000,0.01148365,0.000000,0.000000
1720065339.36249185,0.02576824,0.00355113,0.00000245,26417.00000000,0.01420111,0.000000,0.000000
1720065339.46232176,0.02574790,0.00449239,0.00000244,26474.00000000,0.01966686,0.000000,0.000000
1720065339.56214499,0.02573707,0.00580542,0.00000336,26460.00000000,0.02248832,0.000000,0.000000
1720065339.66198301,0.02570117,0.00228220,0.00000241,26750.00000000,0.01489328,0.000000,0.000000
1720065339.76181221,0.02575821,0.00727791,0.00000745,27014.00000000,0.04298469,0.000000,0.000000
1720065339.86244106,0.02571651,0.00248593,0.00000208,27269.00000000,0.01308321,0.000000,0.000000
1720065339.96229196,0.02568326,0.00237237,0.00000254,27402.00000000,0.01557528,0.000000,0.000000
1720065340.06212139,0.02564667,0.00276073,0.00000214,27672.00000000,0.01448459,0.000000,0.000000
1720065340.16195917,0.02561502,0.00235084,0.00000291,27783.00000000,0.01593073,0.000000,0.000000
1720065340.26179647,0.02558247,0.00242537,0.00000226,27949.00000000,0.01558870,0.000000,0.000000
1720065340.36244059,0.02554486,0.00231516,0.00000224,28174.00000000,0.01396299,0.000000,0.000000
1720065340.46228361,0.02556004,0.00362951,0.00000526,28342.00000000,0.03025112,0.000000,0.000000
1720065340.56212926,0.02553199,0.00224669,0.00000245,28470.00000000,0.01683637,0.000000,0.000000
1720065340.66197109,0.02549635,0.00417538,0.00000225,28612.00000000,0.01441145,0.000000,0.000000
1720065340.76179576,0.02546322,0.00186366,0.00000257,27419.00000000,0.01512579,0.000000,0.000000
1720065340.86243868,0.02542358,0.00183447,0.00000269,27585.00000000,0.01301704,0.000000,0.000000
1720065340.96228290,0.02539097,0.00275378,0.00000242,27776.00000000,0.01515194,0.000000,0.000000
1720065341.06210589,0.02535774,0.00181432,0.00000260,27946.00000000,0.01488813,0.000000,0.000000
1720065341.16194773,0.02531176,0.00173793,0.00000209,28067.00000000,0.01078376,0.000000,0.000000
1720065341.26179266,0.02527060,0.00212080,0.00000227,28201.00000000,0.01222259,0.000000,0.000000
1720065341.36244392,0.02522450,0.00173735,0.00000212,28296.00000000,0.01056365,0.000000,0.000000
1720065341.46229029,0.02518754,0.00161589,0.00000247,28386.00000000,0.01339863,0.000000,0.000000
1720065341.56212592,0.02514058,0.00169945,0.00000203,28466.00000000,0.01011140,0.000000,0.000000
1720065341.66196918,0.02509323,0.00152231,0.00000206,28551.00000000,0.00989689,0.000000,0.000000
1720065341.76182437,0.02505518,0.00144544,0.00000276,28616.00000000,0.01280286,0.000000,0.000000
1720065341.86245298,0.02504676,0.00319752,0.00000399,28681.00000000,0.02232734,0.000000,0.000000
1720065341.96230245,0.02500588,0.00158405,0.00000228,28710.00000000,0.01176048,0.000000,0.000000
1720065342.06214738,0.02500431,0.00169926,0.00000561,28756.00000000,0.02449186,0.000000,0.000000
1720065342.16198015,0.02495980,0.00144240,0.00000229,28829.00000000,0.01045151,0.000000,0.000000
1720065342.26181293,0.02491788,0.00170335,0.00000236,28909.00000000,0.01120911,0.000000,0.000000
1720065342.36246014,0.02486989,0.00140177,0.00000209,28963.00000000,0.00912844,0.000000,0.000000
1720065342.46227503,0.02482969,0.00141648,0.00000259,29051.00000000,0.01160567,0.000000,0.000000
1720065342.56210828,0.02478446,0.00154871,0.00000208,29128.00000000,0.00985579,0.000000,0.000000
1720065342.66194010,0.02474333,0.00143996,0.00000227,29164.00000000,0.01113102,0.000000,0.000000
1720065342.76216865,0.02470474,0.00160157,0.00000212,29258.00000000,0.01189278,0.000000,0.000000
1720065342.86200929,0.02466254,0.00156534,0.00000225,29318.00000000,0.01060991,0.000000,0.000000
1720065342.96186376,0.02464990,0.00257550,0.00000292,29412.00000000,0.02042874,0.000000,0.000000
1720065343.06211472,0.02461341,0.00157010,0.00000239,29451.00000000,0.01238952,0.000000,0.000000
1720065343.16194773,0.02457550,0.00186306,0.00000223,29561.00000000,0.01183644,0.000000,0.000000
1720065343.26178813,0.02455429,0.00265179,0.00000277,29713.00000000,0.01740761,0.000000,0.000000
1720065343.36244011,0.02453141,0.00232441,0.00000296,29892.00000000,0.01679699,0.000000,0.000000
1720065343.46229005,0.02449518,0.00249363,0.00000211,30003.00000000,0.01221314,0.000000,0.000000
1720065343.56213355,0.02446535,0.00232077,0.00000252,30150.00000000,0.01432487,0.000000,0.000000
1720065343.66197109,0.02442906,0.00212357,0.00000223,30318.00000000,0.01205176,0.000000,0.000000
1720065343.76180601,0.02439768,0.00240273,0.00000237,30510.00000000,0.01366627,0.000000,0.000000
1720065343.86243892,0.02439517,0.00326032,0.00000297,30723.00000000,0.02353522,0.000000,0.000000
1720065343.96227860,0.02436338,0.00240555,0.00000209,30889.00000000,0.01342694,0.000000,0.000000
1720065344.06211972,0.02433227,0.00241150,0.00000219,31068.00000000,0.01359818,0.000000,0.000000
1720065344.16195869,0.02430492,0.00245762,0.00000255,31255.00000000,0.01484456,0.000000,0.000000
1720065344.26218390,0.02427413,0.00270541,0.00000216,31509.00000000,0.01358824,0.000000,0.000000
1720065344.36202526,0.02425364,0.00295816,0.00000254,31664.00000000,0.01712371,0.000000,0.000000
1720065344.46185875,0.02424531,0.00430253,0.00000324,31920.00000000,0.02133652,0.000000,0.000000
1720065344.56249619,0.02423281,0.00398068,0.00000292,32160.00000000,0.01985916,0.000000,0.000000
1720065344.66233182,0.02420764,0.00261428,0.00000233,32314.00000000,0.01537361,0.000000,0.000000
1720065344.76217198,0.02418771,0.00295935,0.00000270,32493.00000000,0.01717207,0.000000,0.000000
1720065344.86202693,0.02416315,0.00255611,0.00000245,32619.00000000,0.01549182,0.000000,0.000000
1720065344.96187377,0.02413290,0.00251765,0.00000217,32789.00000000,0.01342588,0.000000,0.000000
1720065345.06250286,0.02411483,0.00259565,0.00000284,32934.00000000,0.01769919,0.000000,0.000000
1720065345.16234493,0.02411688,0.00421708,0.00000364,33138.00000000,0.02484764,0.000000,0.000000
1720065345.26218414,0.02413732,0.00349518,0.00000511,32994.00000000,0.03143244,0.000000,0.000000
1720065345.36202788,0.02411854,0.00329913,0.00000246,33182.00000000,0.01739811,0.000000,0.000000
1720065345.46186662,0.02414367,0.00726284,0.00000539,33387.00000000,0.03316585,0.000000,0.000000
1720065345.56211090,0.02413382,0.00454647,0.00000225,33510.00000000,0.02058707,0.000000,0.000000
1720065345.66195345,0.02410892,0.00287300,0.00000218,33706.00000000,0.01511831,0.000000,0.000000
1720065345.76218200,0.02408527,0.00262834,0.00000233,33884.00000000,0.01552401,0.000000,0.000000
1720065345.86201978,0.02406481,0.00290239,0.00000231,34024.00000000,0.01663768,0.000000,0.000000
1720065345.96186996,0.02404447,0.00282187,0.00000229,34206.00000000,0.01664117,0.000000,0.000000
1720065346.06211758,0.02412229,0.00639260,0.00000940,34335.00000000,0.05252603,0.000000,0.000000
1720065346.16196632,0.02410009,0.00281794,0.00000232,34437.00000000,0.01597550,0.000000,0.000000
1720065346.26179814,0.02409516,0.00287722,0.00000345,34513.00000000,0.02228607,0.000000,0.000000
1720065346.36242652,0.02407812,0.00264163,0.00000281,34642.00000000,0.01780586,0.000000,0.000000
1720065346.46227336,0.02405538,0.00256433,0.00000233,34793.00000000,0.01566570,0.000000,0.000000
1720065346.56212378,0.02403327,0.00295921,0.00000220,34942.00000000,0.01585275,0.000000,0.000000
1720065346.66198087,0.02401367,0.00287788,0.00000237,34496.00000000,0.01674055,0.000000,0.000000
1720065346.76181912,0.02399176,0.00267110,0.00000237,34587.00000000,0.01584411,0.000000,0.000000
1720065346.86246300,0.02400075,0.00469827,0.00000410,34720.00000000,0.02735179,0.000000,0.000000
1720065346.96230841,0.02398431,0.00265792,0.00000277,34870.00000000,0.01783540,0.000000,0.000000
1720065347.06215453,0.02396091,0.00267140,0.00000217,34994.00000000,0.01518636,0.000000,0.000000
1720065347.16201210,0.02404298,0.00569334,0.00000987,35111.00000000,0.05490371,0.000000,0.000000
1720065347.26184416,0.02401745,0.00209995,0.00000227,35146.00000000,0.01438935,0.000000,0.000000
1720065347.36248779,0.02399903,0.00214772,0.00000238,35233.00000000,0.01703821,0.000000,0.000000
1720065347.46233177,0.02400769,0.00256916,0.00000442,35293.00000000,0.02728950,0.000000,0.000000
1720065347.56218004,0.02398600,0.00234780,0.00000219,35311.00000000,0.01574346,0.000000,0.000000
1720065347.66203642,0.02398043,0.00327033,0.00000305,35401.00000000,0.02185870,0.000000,0.000000
1720065347.76188064,0.02396511,0.00250125,0.00000302,35516.00000000,0.01811321,0.000000,0.000000
1720065347.86250019,0.02395520,0.00265481,0.00000283,35640.00000000,0.02015833,0.000000,0.000000
1720065347.96231771,0.02394374,0.00264627,0.00000270,35710.00000000,0.01954304,0.000000,0.000000
1720065348.06216502,0.02392305,0.00297526,0.00000240,35813.00000000,0.01595822,0.000000,0.000000
1720065348.16199803,0.02390324,0.00278257,0.00000249,35890.00000000,0.01625722,0.000000,0.000000
1720065348.26183295,0.02388482,0.00264234,0.00000242,36030.00000000,0.01675791,0.000000,0.000000
1720065348.36245608,0.02386284,0.00302854,0.00000218,36199.00000000,0.01533274,0.000000,0.000000
1720065348.46230602,0.02386708,0.00277413,0.00000410,36133.00000000,0.02551542,0.000000,0.000000
1720065348.56214714,0.02384884,0.00259058,0.00000246,36225.00000000,0.01673550,0.000000,0.000000
1720065348.66198850,0.02383002,0.00260661,0.00000256,36319.00000000,0.01647094,0.000000,0.000000
1720065348.76184225,0.02389263,0.00701800,0.00000828,36476.00000000,0.04843770,0.000000,0.000000
1720065348.86247873,0.02386719,0.00255367,0.00000207,36563.00000000,0.01386749,0.000000,0.000000
1720065348.96232367,0.02384975,0.00319626,0.00000237,36743.00000000,0.01698136,0.000000,0.000000
1720065349.06216741,0.02388550,0.01025140,0.00000593,36852.00000000,0.03800639,0.000000,0.000000
1720065349.16202879,0.02386416,0.00247373,0.00000225,37010.00000000,0.01541161,0.000000,0.000000
1720065349.26184678,0.02395275,0.00849251,0.00001085,37135.00000000,0.05912456,0.000000,0.000000
1720065349.36249256,0.02392726,0.00236011,0.00000213,37143.00000000,0.01378028,0.000000,0.000000
1720065349.46232367,0.02393523,0.00269181,0.00000516,37231.00000000,0.02711473,0.000000,0.000000
1720065349.56215477,0.02390766,0.00213255,0.00000201,37032.00000000,0.01288164,0.000000,0.000000
1720065349.66199613,0.02388398,0.00219363,0.00000216,37085.00000000,0.01438567,0.000000,0.000000
1720065349.76183963,0.02387002,0.00203744,0.00000284,37193.00000000,0.01825823,0.000000,0.000000
1720065349.86247182,0.02384818,0.00208205,0.00000230,37270.00000000,0.01504966,0.000000,0.000000
1720065349.96231771,0.02382289,0.00210860,0.00000215,37316.00000000,0.01360248,0.000000,0.000000
1720065350.06216264,0.02384705,0.00454578,0.00000659,37346.00000000,0.03363343,0.000000,0.000000
1720065350.16199422,0.02382651,0.00208392,0.00000242,37437.00000000,0.01548602,0.000000,0.000000
1720065350.26182890,0.02381158,0.00180558,0.00000277,37381.00000000,0.01773596,0.000000,0.000000
1720065350.36245871,0.02379165,0.00278571,0.00000224,37483.00000000,0.01566233,0.000000,0.000000
1720065350.46230149,0.02376828,0.00214136,0.00000239,37613.00000000,0.01420813,0.000000,0.000000
1720065350.56214118,0.02373954,0.00177494,0.00000216,37725.00000000,0.01195788,0.000000,0.000000
1720065350.66198993,0.02372231,0.00226152,0.00000272,37804.00000000,0.01663946,0.000000,0.000000
1720065350.76182199,0.02370083,0.00267366,0.00000228,37893.00000000,0.01485306,0.000000,0.000000
1720065350.86245179,0.02367971,0.00197875,0.00000214,37989.00000000,0.01495452,0.000000,0.000000
1720065350.96229649,0.02374405,0.00681299,0.00001003,38101.00000000,0.05037955,0.000000,0.000000
1720065351.06214237,0.02371678,0.00185937,0.00000228,37735.00000000,0.01240321,0.000000,0.000000
1720065351.16199374,0.02369147,0.00184852,0.00000244,37915.00000000,0.01316050,0.000000,0.000000
1720065351.26183963,0.02366305,0.00177678,0.00000218,38080.00000000,0.01181063,0.000000,0.000000
1720065351.36247849,0.02363553,0.00186375,0.00000210,38219.00000000,0.01213453,0.000000,0.000000
1720065351.46231794,0.02360923,0.00188671,0.00000238,38354.00000000,0.01258887,0.000000,0.000000
1720065351.56216097,0.02363667,0.00399997,0.00000681,38448.00000000,0.03516295,0.000000,0.000000
1720065351.66198802,0.02363211,0.00579581,0.00000297,38547.00000000,0.02170899,0.000000,0.000000
1720065351.76183367,0.02360749,0.00221229,0.00000250,38614.00000000,0.01321845,0.000000,0.000000
1720065351.86246705,0.02358998,0.00183877,0.00000291,38701.00000000,0.01618623,0.000000,0.000000
1720065351.96230078,0.02355975,0.00169443,0.00000217,38773.00000000,0.01073945,0.000000,0.000000
1720065352.06215811,0.02353189,0.00182823,0.00000234,38831.00000000,0.01169445,0.000000,0.000000
1720065352.16201687,0.02350941,0.00288552,0.00000266,38856.00000000,0.01392922,0.000000,0.000000
1720065352.26184893,0.02347890,0.00149883,0.00000231,38920.00000000,0.01045439,0.000000,0.000000
1720065352.36249185,0.02345933,0.00274677,0.00000291,38967.00000000,0.01508399,0.000000,0.000000
1720065352.46233058,0.02350297,0.00712308,0.00001019,39058.00000000,0.04222366,0.000000,0.000000
1720065352.56215501,0.02347485,0.00168133,0.00000262,39101.00000000,0.01138341,0.000000,0.000000
1720065352.66199327,0.02344859,0.00169826,0.00000247,39181.00000000,0.01213008,0.000000,0.000000
1720065352.76182652,0.02342077,0.00179159,0.00000231,39274.00000000,0.01140168,0.000000,0.000000
1720065352.86247969,0.02339319,0.00173002,0.00000223,39391.00000000,0.01144898,0.000000,0.000000
1720065352.96232796,0.02336803,0.00178129,0.00000232,39510.00000000,0.01244969,0.000000,0.000000
1720065353.06216764,0.02335205,0.00255758,0.00000374,39635.00000000,0.01640134,0.000000,0.000000
1720065353.16200495,0.02332384,0.00193679,0.00000225,39726.00000000,0.01102528,0.000000,0.000000
1720065353.26184011,0.02330045,0.00224099,0.00000253,39803.00000000,0.01307621,0.000000,0.000000
1720065353.36246991,0.02328567,0.00206813,0.00000350,39872.00000000,0.01681288,0.000000,0.000000
1720065353.46230817,0.02327255,0.00221229,0.00000365,39963.00000000,0.01751219,0.000000,0.000000
1720065353.56214619,0.02325666,0.00220107,0.00000288,39974.00000000,0.01626635,0.000000,0.000000
1720065353.66199303,0.02323211,0.00219639,0.00000220,40014.00000000,0.01240552,0.000000,0.000000
1720065353.76182675,0.02322001,0.00217028,0.00000340,40120.00000000,0.01787206,0.000000,0.000000
1720065353.86245847,0.02319954,0.00218165,0.00000222,40285.00000000,0.01412972,0.000000,0.000000
1720065353.96228337,0.02317604,0.00250335,0.00000225,40398.00000000,0.01274378,0.000000,0.000000
1720065354.06213665,0.02320500,0.00649807,0.00000738,40266.00000000,0.03609212,0.000000,0.000000
1720065354.16197252,0.02318885,0.00260290,0.00000260,40380.00000000,0.01598681,0.000000,0.000000
1720065354.26181269,0.02317076,0.00202359,0.00000278,40404.00000000,0.01508203,0.000000,0.000000
1720065354.36245489,0.02314415,0.00198231,0.00000219,40533.00000000,0.01122467,0.000000,0.000000
1720065354.46229291,0.02311828,0.00192689,0.00000239,40685.00000000,0.01150276,0.000000,0.000000
1720065354.56211567,0.02309485,0.00185538,0.00000253,40751.00000000,0.01255349,0.000000,0.000000
1720065354.66195798,0.02309137,0.00767300,0.00000305,40834.00000000,0.02151991,0.000000,0.000000
1720065354.76180267,0.02306622,0.00179840,0.00000250,40773.00000000,0.01169735,0.000000,0.000000
1720065354.86244559,0.02303807,0.00185097,0.00000221,40836.00000000,0.01028833,0.000000,0.000000
1720065354.96227431,0.02300927,0.00136105,0.00000230,40879.00000000,0.00993159,0.000000,0.000000
1720065355.06211829,0.02298316,0.00134815,0.00000250,40898.00000000,0.01110367,0.000000,0.000000
1720065355.16196871,0.02295636,0.00148247,0.00000221,40942.00000000,0.01073632,0.000000,0.000000
1720065355.26178956,0.02293257,0.00129229,0.00000271,40911.00000000,0.01206274,0.000000,0.000000
1720065355.36242366,0.02290705,0.00124839,0.00000235,40937.00000000,0.01121683,0.000000,0.000000
1720065355.46225166,0.02287983,0.00133888,0.00000234,40959.00000000,0.01038712,0.000000,0.000000
1720065355.56209588,0.02285077,0.00154822,0.00000209,40973.00000000,0.00948312,0.000000,0.000000
1720065355.66194868,0.02282674,0.00145244,0.00000273,40978.00000000,0.01174973,0.000000,0.000000
1720065355.76218462,0.02280618,0.00156450,0.00000290,41013.00000000,0.01330542,0.000000,0.000000
1720065355.86201406,0.02277905,0.00187086,0.00000210,41050.00000000,0.01021705,0.000000,0.000000
1720065355.96184516,0.02275459,0.00164387,0.00000217,41077.00000000,0.01140740,0.000000,0.000000
1720065356.06248403,0.02273014,0.00207282,0.00000226,41099.00000000,0.01135840,0.000000,0.000000
1720065356.16231322,0.02270795,0.00166086,0.00000220,41165.00000000,0.01236786,0.000000,0.000000
1720065356.26215076,0.02268441,0.00183164,0.00000220,41206.00000000,0.01169234,0.000000,0.000000
1720065356.36199665,0.02266596,0.00197002,0.00000229,41210.00000000,0.01403024,0.000000,0.000000
1720065356.46182227,0.02264937,0.00203223,0.00000268,41242.00000000,0.01486786,0.000000,0.000000
1720065356.56245804,0.02262764,0.00214486,0.00000216,41346.00000000,0.01241368,0.000000,0.000000
1720065356.66229987,0.02261110,0.00231204,0.00000231,41431.00000000,0.01482219,0.000000,0.000000
1720065356.76215315,0.02259710,0.00261627,0.00000228,41504.00000000,0.01599147,0.000000,0.000000
1720065356.86198759,0.02257753,0.00246849,0.00000207,41562.00000000,0.01331765,0.000000,0.000000
1720065356.96182060,0.02255864,0.00232331,0.00000228,41672.00000000,0.01360574,0.000000,0.000000
1720065357.06247687,0.02254561,0.00259876,0.00000253,41735.00000000,0.01635914,0.000000,0.000000
1720065357.16233253,0.02255494,0.00347732,0.00000481,41838.00000000,0.02699231,0.000000,0.000000
1720065357.26216936,0.02253659,0.00256108,0.00000226,41911.00000000,0.01378388,0.000000,0.000000
1720065357.36200666,0.02252740,0.00291614,0.00000240,42019.00000000,0.01813601,0.000000,0.000000
1720065357.46184921,0.02251646,0.00257071,0.00000254,42055.00000000,0.01727719,0.000000,0.000000
1720065357.56249046,0.02250188,0.00260777,0.00000235,42109.00000000,0.01550060,0.000000,0.000000
1720065357.66233063,0.02248595,0.00273421,0.00000220,42211.00000000,0.01482353,0.000000,0.000000
1720065357.76217961,0.02247236,0.00293835,0.00000242,42319.00000000,0.01592625,0.000000,0.000000
1720065357.86204052,0.02245933,0.00259227,0.00000238,42387.00000000,0.01616445,0.000000,0.000000
1720065357.96186924,0.02244711,0.00313875,0.00000225,42500.00000000,0.01653250,0.000000,0.000000
1720065358.06249142,0.02243972,0.00332267,0.00000253,42489.00000000,0.01885679,0.000000,0.000000
1720065358.16232944,0.02242480,0.00271323,0.00000232,42522.00000000,0.01516935,0.000000,0.000000
1720065358.26215696,0.02241145,0.00276528,0.00000227,42602.00000000,0.01590996,0.000000,0.000000
1720065358.36200070,0.02240351,0.00274193,0.00000267,42670.00000000,0.01853271,0.000000,0.000000
1720065358.46184373,0.02240091,0.00274463,0.00000329,42763.00000000,0.02112906,0.000000,0.000000
1720065358.56249976,0.02238854,0.00298063,0.00000238,42820.00000000,0.01632517,0.000000,0.000000
1720065358.66233206,0.02237605,0.00272874,0.00000229,42861.00000000,0.01624336,0.000000,0.000000
1720065358.76216388,0.02236444,0.00274727,0.00000235,42913.00000000,0.01665375,0.000000,0.000000
1720065358.86199236,0.02243914,0.00947792,0.00000945,42982.00000000,0.05926648,0.000000,0.000000
1720065358.96183467,0.02243354,0.00264709,0.00000237,43017.00000000,0.01966720,0.000000,0.000000
1720065359.06246448,0.02243962,0.00281091,0.00000383,43109.00000000,0.02544665,0.000000,0.000000
1720065359.16229701,0.02243415,0.00280161,0.00000256,43174.00000000,0.01972045,0.000000,0.000000
1720065359.26213264,0.02241924,0.00259798,0.00000227,43273.00000000,0.01501364,0.000000,0.000000
1720065359.36198592,0.02240549,0.00266317,0.00000228,43346.00000000,0.01555474,0.000000,0.000000
1720065359.46182823,0.02239334,0.00300041,0.00000243,43374.00000000,0.01633246,0.000000,0.000000
1720065359.56248069,0.02238727,0.00289477,0.00000274,43385.00000000,0.01935189,0.000000,0.000000
1720065359.66231704,0.02237450,0.00329926,0.00000228,43361.00000000,0.01597579,0.000000,0.000000
1720065359.76214314,0.02236685,0.00251293,0.00000271,43385.00000000,0.01852471,0.000000,0.000000
1720065359.86198139,0.02235362,0.00262247,0.00000240,43463.00000000,0.01569868,0.000000,0.000000
1720065359.96180487,0.02234168,0.00261989,0.00000245,43524.00000000,0.01632775,0.000000,0.000000
1720065360.06243062,0.02232967,0.00272078,0.00000224,43572.00000000,0.01626276,0.000000,0.000000
1720065360.16227055,0.02231549,0.00262497,0.00000222,43545.00000000,0.01513976,0.000000,0.000000
1720065360.26210952,0.02230467,0.00264104,0.00000219,43605.00000000,0.01682184,0.000000,0.000000
1720065360.36194324,0.02230264,0.00380182,0.00000297,43644.00000000,0.02126865,0.000000,0.000000
1720065360.46217680,0.02232069,0.00305663,0.00000506,43729.00000000,0.03151030,0.000000,0.000000
1720065360.56201577,0.02230669,0.00258621,0.00000222,43742.00000000,0.01516399,0.000000,0.000000
1720065360.66185999,0.02229710,0.00291032,0.00000258,43808.00000000,0.01739686,0.000000,0.000000
1720065360.76248693,0.02228409,0.00240514,0.00000218,43775.00000000,0.01562320,0.000000,0.000000
1720065360.86233687,0.02227785,0.00250073,0.00000283,43808.00000000,0.01907577,0.000000,0.000000
1720065360.96218181,0.02226734,0.00245224,0.00000229,43844.00000000,0.01686461,0.000000,0.000000
1720065361.06202745,0.02225378,0.00243817,0.00000236,43880.00000000,0.01527345,0.000000,0.000000
1720065361.16187072,0.02223993,0.00257079,0.00000227,43927.00000000,0.01509537,0.000000,0.000000
1720065361.26250458,0.02222654,0.00246501,0.00000224,43933.00000000,0.01530309,0.000000,0.000000
1720065361.36234236,0.02221876,0.00343199,0.00000264,43956.00000000,0.01818921,0.000000,0.000000
1720065361.46217036,0.02220520,0.00243231,0.00000236,44011.00000000,0.01516474,0.000000,0.000000
1720065361.56200910,0.02219131,0.00248785,0.00000224,44063.00000000,0.01496754,0.000000,0.000000
1720065361.66185284,0.02217810,0.00245030,0.00000231,44099.00000000,0.01529938,0.000000,0.000000
1720065361.76249504,0.02216804,0.00258467,0.00000236,44159.00000000,0.01691287,0.000000,0.000000
1720065361.86235118,0.02215418,0.00244742,0.00000227,44200.00000000,0.01490888,0.000000,0.000000
1720065361.96218896,0.02214312,0.00268678,0.00000238,44239.00000000,0.01634827,0.000000,0.000000
1720065362.06203103,0.02214268,0.00415758,0.00000317,44261.00000000,0.02190772,0.000000,0.000000
1720065362.16187572,0.02214076,0.00412102,0.00000294,44299.00000000,0.02113080,0.000000,0.000000
1720065362.26211905,0.02212705,0.00244698,0.00000236,44275.00000000,0.01490482,0.000000,0.000000
1720065362.36196017,0.02211505,0.00255030,0.00000243,44326.00000000,0.01578014,0.000000,0.000000
1720065362.46180391,0.02210080,0.00250058,0.00000227,44343.00000000,0.01456043,0.000000,0.000000
1720065362.56244016,0.02208700,0.00262879,0.00000225,44350.00000000,0.01477315,0.000000,0.000000
1720065362.66226649,0.02208324,0.00264489,0.00000260,44265.00000000,0.02008717,0.000000,0.000000
1720065362.76210904,0.02214746,0.00904659,0.00000938,44307.00000000,0.05630970,0.000000,0.000000
1720065362.86195278,0.02213631,0.00271721,0.00000236,44362.00000000,0.01619585,0.000000,0.000000
1720065362.96179724,0.02212989,0.00316705,0.00000281,44345.00000000,0.01869914,0.000000,0.000000
1720065363.06243205,0.02211858,0.00318842,0.00000232,44380.00000000,0.01606883,0.000000,0.000000
1720065363.16227269,0.02210869,0.00255370,0.00000239,44407.00000000,0.01680819,0.000000,0.000000
1720065363.26212645,0.02210166,0.00248572,0.00000287,44465.00000000,0.01832906,0.000000,0.000000
1720065363.36197305,0.02210761,0.00290193,0.00000355,44485.00000000,0.02530582,0.000000,0.000000
1720065363.46182895,0.02209390,0.00243228,0.00000229,44461.00000000,0.01470335,0.000000,0.000000
1720065363.56247091,0.02208125,0.00258640,0.00000236,44461.00000000,0.01525350,0.000000,0.000000
1720065363.66231775,0.02208070,0.00386294,0.00000344,44508.00000000,0.02178163,0.000000,0.000000
1720065363.76214981,0.02208092,0.00238184,0.00000369,44555.00000000,0.02220031,0.000000,0.000000
1720065363.86199474,0.02208716,0.00263385,0.00000407,44581.00000000,0.02547620,0.000000,0.000000
1720065363.96182990,0.02208366,0.00255325,0.00000255,44474.00000000,0.02017639,0.000000,0.000000
1720065364.06247830,0.02207256,0.00239739,0.00000261,44503.00000000,0.01602777,0.000000,0.000000
1720065364.16230512,0.02206161,0.00229331,0.00000240,44537.00000000,0.01608045,0.000000,0.000000
1720065364.26213741,0.02205064,0.00296226,0.00000248,44579.00000000,0.01605088,0.000000,0.000000
1720065364.36197376,0.02205199,0.00244850,0.00000372,44595.00000000,0.02278959,0.000000,0.000000
1720065364.46180606,0.02204073,0.00246809,0.00000254,44621.00000000,0.01586009,0.000000,0.000000
1720065364.56247306,0.02203026,0.00245641,0.00000252,44632.00000000,0.01627358,0.000000,0.000000
1720065364.66232443,0.02201699,0.00237068,0.00000229,44661.00000000,0.01470436,0.000000,0.000000
1720065364.76216316,0.02200442,0.00245649,0.00000230,44682.00000000,0.01506744,0.000000,0.000000
1720065364.86201239,0.02199822,0.00233549,0.00000284,44689.00000000,0.01856837,0.000000,0.000000
1720065364.96185422,0.02198374,0.00233452,0.00000239,44717.00000000,0.01396043,0.000000,0.000000
1720065365.06248546,0.02197551,0.00241632,0.00000263,44762.00000000,0.01740734,0.000000,0.000000
1720065365.16233277,0.02196573,0.00247313,0.00000253,44801.00000000,0.01652640,0.000000,0.000000
1720065365.26218486,0.02196441,0.00387221,0.00000287,44793.00000000,0.02123063,0.000000,0.000000
1720065365.36202288,0.02200866,0.00713540,0.00000786,44815.00000000,0.04669901,0.000000,0.000000
1720065365.46185422,0.02199691,0.00237655,0.00000275,44817.00000000,0.01543166,0.000000,0.000000
1720065365.56249022,0.02198731,0.00280463,0.00000262,44831.00000000,0.01661109,0.000000,0.000000
1720065365.66232848,0.02197379,0.00227093,0.00000226,44853.00000000,0.01438997,0.000000,0.000000
1720065365.76216888,0.02196226,0.00269712,0.00000245,44874.00000000,0.01548157,0.000000,0.000000
1720065365.86201763,0.02195012,0.00248822,0.00000229,44853.00000000,0.01511732,0.000000,0.000000
1720065365.96186876,0.02194797,0.00499552,0.00000300,44825.00000000,0.02073004,0.000000,0.000000
1720065366.06211066,0.02194679,0.00358731,0.00000356,44759.00000000,0.02128056,0.000000,0.000000
1720065366.16195345,0.02193819,0.00241031,0.00000244,44783.00000000,0.01707107,0.000000,0.000000
1720065366.26178885,0.02193490,0.00319830,0.00000283,44793.00000000,0.02006940,0.000000,0.000000
1720065366.36242604,0.02192569,0.00256512,0.00000236,44818.00000000,0.01669709,0.000000,0.000000
1720065366.46226954,0.02191323,0.00266492,0.00000228,44819.00000000,0.01482116,0.000000,0.000000
1720065366.56211209,0.02190369,0.00292163,0.00000251,44844.00000000,0.01646986,0.000000,0.000000
1720065366.66195655,0.02189434,0.00253233,0.00000266,44885.00000000,0.01655567,0.000000,0.000000
1720065366.76181054,0.02188151,0.00249123,0.00000232,44918.00000000,0.01453803,0.000000,0.000000
1720065366.86245918,0.02187102,0.00269485,0.00000240,44981.00000000,0.01586369,0.000000,0.000000
1720065366.96228218,0.02187228,0.00231376,0.00000452,45010.00000000,0.02259647,0.000000,0.000000
1720065367.06212234,0.02187548,0.00218630,0.00000470,45057.00000000,0.02371099,0.000000,0.000000
1720065367.16197252,0.02186498,0.00219476,0.00000293,45069.00000000,0.01581710,0.000000,0.000000
1720065367.26182055,0.02185540,0.00197870,0.00000251,45089.00000000,0.01632938,0.000000,0.000000
1720065367.36246324,0.02183985,0.00169518,0.00000247,45064.00000000,0.01284950,0.000000,0.000000
1720065367.46229410,0.02182188,0.00170342,0.00000236,45070.00000000,0.01141815,0.000000,0.000000
1720065367.56214452,0.02180320,0.00172633,0.00000235,45081.00000000,0.01097227,0.000000,0.000000
1720065367.66198349,0.02179959,0.00240121,0.00000437,45099.00000000,0.01969815,0.000000,0.000000
1720065367.76183343,0.02178396,0.00177100,0.00000265,45176.00000000,0.01269131,0.000000,0.000000
1720065367.86248827,0.02176811,0.00203376,0.00000253,45194.00000000,0.01252818,0.000000,0.000000
1720065367.96232200,0.02175460,0.00196134,0.00000255,45233.00000000,0.01386276,0.000000,0.000000
1720065368.06218481,0.02173829,0.00233696,0.00000222,45309.00000000,0.01219625,0.000000,0.000000
1720065368.16202402,0.02172532,0.00204725,0.00000264,45385.00000000,0.01412451,0.000000,0.000000
1720065368.26185989,0.02171065,0.00185032,0.00000244,45519.00000000,0.01309788,0.000000,0.000000
1720065368.36249375,0.02171307,0.00185091,0.00000396,45606.00000000,0.02313544,0.000000,0.000000
1720065368.46233058,0.02171609,0.00355091,0.00000455,45679.00000000,0.02349896,0.000000,0.000000
1720065368.56215882,0.02170393,0.00184742,0.00000232,45733.00000000,0.01452780,0.000000,0.000000
1720065368.66198850,0.02168680,0.00158752,0.00000240,45735.00000000,0.01156555,0.000000,0.000000
1720065368.76183105,0.02167108,0.00146088,0.00000286,45750.00000000,0.01236295,0.000000,0.000000
1720065368.86247778,0.02165180,0.00153510,0.00000218,45770.00000000,0.01021866,0.000000,0.000000
1720065368.96231270,0.02163476,0.00145062,0.00000245,45759.00000000,0.01151134,0.000000,0.000000
1720065369.06215024,0.02162181,0.00161947,0.00000289,45754.00000000,0.01391942,0.000000,0.000000
1720065369.16198421,0.02160593,0.00225922,0.00000242,45759.00000000,0.01213815,0.000000,0.000000
1720065369.26181841,0.02158827,0.00139203,0.00000229,45779.00000000,0.01104667,0.000000,0.000000
1720065369.36246061,0.02158414,0.00153942,0.00000518,45792.00000000,0.01911750,0.000000,0.000000
1720065369.46230793,0.02156882,0.00145648,0.00000287,45799.00000000,0.01238690,0.000000,0.000000
1720065369.56215382,0.02155266,0.00144587,0.00000250,45814.00000000,0.01185810,0.000000,0.000000
1720065369.66198540,0.02153896,0.00159767,0.00000321,45836.00000000,0.01330827,0.000000,0.000000
1720065369.76182985,0.02152136,0.00139159,0.00000246,45844.00000000,0.01092716,0.000000,0.000000
1720065369.86247373,0.02150245,0.00140415,0.00000228,45846.00000000,0.01009518,0.000000,0.000000
1720065369.96230626,0.02154953,0.00765769,0.00001194,45860.00000000,0.04998848,0.000000,0.000000
1720065370.06214452,0.02153172,0.00144779,0.00000241,45776.00000000,0.01075727,0.000000,0.000000
1720065370.16198874,0.02151349,0.00159475,0.00000225,45773.00000000,0.01046266,0.000000,0.000000
1720065370.26183820,0.02149749,0.00203369,0.00000248,45751.00000000,0.01179028,0.000000,0.000000
1720065370.36247158,0.02148042,0.00158849,0.00000230,45750.00000000,0.01109663,0.000000,0.000000
1720065370.46230960,0.02146494,0.00235375,0.00000233,45784.00000000,0.01203711,0.000000,0.000000
1720065370.56215119,0.02145708,0.00185486,0.00000370,45849.00000000,0.01666370,0.000000,0.000000
1720065370.66199279,0.02144467,0.00210489,0.00000236,45887.00000000,0.01386398,0.000000,0.000000
1720065370.76183367,0.02143148,0.00203340,0.00000258,45934.00000000,0.01336096,0.000000,0.000000
1720065370.86246586,0.02142129,0.00192697,0.00000332,45995.00000000,0.01517466,0.000000,0.000000
1720065370.96230984,0.02142900,0.00188990,0.00000648,45929.00000000,0.02616083,0.000000,0.000000
1720065371.06214118,0.02142281,0.00201438,0.00000344,45993.00000000,0.01761547,0.000000,0.000000
1720065371.16197085,0.02141572,0.00169606,0.00000343,46050.00000000,0.01704689,0.000000,0.000000
1720065371.26181769,0.02140157,0.00160315,0.00000245,46084.00000000,0.01267080,0.000000,0.000000
1720065371.36245489,0.02138769,0.00170135,0.00000256,46109.00000000,0.01281117,0.000000,0.000000
1720065371.46230102,0.02137174,0.00172463,0.00000229,46123.00000000,0.01149879,0.000000,0.000000
1720065371.56214404,0.02137130,0.00405657,0.00000397,46142.00000000,0.02110105,0.000000,0.000000
1720065371.66199255,0.02135914,0.00238348,0.00000241,46177.00000000,0.01380679,0.000000,0.000000
1720065371.76183271,0.02136630,0.00237011,0.00000480,46193.00000000,0.02581723,0.000000,0.000000
1720065371.86245728,0.02135594,0.00231644,0.00000240,46213.00000000,0.01490196,0.000000,0.000000
1720065371.96228576,0.02134787,0.00248326,0.00000240,46247.00000000,0.01631133,0.000000,0.000000
1720065372.06211615,0.02133942,0.00277725,0.00000233,46266.00000000,0.01606272,0.000000,0.000000
1720065372.16195607,0.02132996,0.00245815,0.00000235,46289.00000000,0.01540754,0.000000,0.000000
1720065372.26217818,0.02132333,0.00282157,0.00000240,46342.00000000,0.01716399,0.000000,0.000000
1720065372.36201954,0.02131750,0.00298338,0.00000269,46251.00000000,0.01765828,0.000000,0.000000
1720065372.46185207,0.02130937,0.00237024,0.00000240,46296.00000000,0.01619368,0.000000,0.000000
1720065372.56248736,0.02130036,0.00233982,0.00000242,46328.00000000,0.01562579,0.000000,0.000000
1720065372.66232705,0.02129726,0.00243451,0.00000265,46350.00000000,0.01933815,0.000000,0.000000
1720065372.76215100,0.02128762,0.00240607,0.00000230,46312.00000000,0.01519999,0.000000,0.000000
1720065372.86199331,0.02127607,0.00231673,0.00000236,46305.00000000,0.01395999,0.000000,0.000000
1720065372.96182179,0.02126668,0.00245321,0.00000229,46303.00000000,0.01531389,0.000000,0.000000
1720065373.06246495,0.02125957,0.00255367,0.00000242,46200.00000000,0.01674818,0.000000,0.000000
1720065373.16230798,0.02125108,0.00289320,0.00000243,46208.00000000,0.01585109,0.000000,0.000000
1720065373.26216340,0.02124155,0.00235311,0.00000242,46230.00000000,0.01517270,0.000000,0.000000
1720065373.36200905,0.02123328,0.00244597,0.00000265,46264.00000000,0.01595634,0.000000,0.000000
1720065373.46183848,0.02123428,0.00226959,0.00000387,46284.00000000,0.02187250,0.000000,0.000000
1720065373.56248045,0.02122408,0.00230607,0.00000230,46319.00000000,0.01469541,0.000000,0.000000
1720065373.66231394,0.02121347,0.00230224,0.00000228,46319.00000000,0.01441130,0.000000,0.000000
1720065373.76215696,0.02121494,0.00345012,0.00000300,46355.00000000,0.02215664,0.000000,0.000000
1720065373.86197591,0.02120546,0.00233604,0.00000237,46376.00000000,0.01511393,0.000000,0.000000
1720065373.96181512,0.02119658,0.00236778,0.00000226,46384.00000000,0.01547593,0.000000,0.000000
1720065374.06246066,0.02119416,0.00384788,0.00000306,46384.00000000,0.01963180,0.000000,0.000000
1720065374.16228986,0.02118993,0.00241434,0.00000306,46413.00000000,0.01845812,0.000000,0.000000
1720065374.26213884,0.02118813,0.00274771,0.00000275,46431.00000000,0.02002280,0.000000,0.000000
1720065374.36197662,0.02118278,0.00231514,0.00000266,46428.00000000,0.01771601,0.000000,0.000000
1720065374.46181107,0.02117932,0.00237804,0.00000277,46449.00000000,0.01893350,0.000000,0.000000
1720065374.56244183,0.02116949,0.00233904,0.00000232,46457.00000000,0.01478095,0.000000,0.000000
1720065374.66227508,0.02115910,0.00231974,0.00000225,46456.00000000,0.01439917,0.000000,0.000000
1720065374.76211596,0.02115578,0.00369332,0.00000283,46488.00000000,0.01898842,0.000000,0.000000
1720065374.86195660,0.02115601,0.00346520,0.00000365,46509.00000000,0.02130745,0.000000,0.000000
1720065374.96179366,0.02116939,0.00383827,0.00000530,46505.00000000,0.02991603,0.000000,0.000000
1720065375.06241751,0.02116202,0.00264964,0.00000260,46520.00000000,0.01633603,0.000000,0.000000
1720065375.16223216,0.02115213,0.00234826,0.00000230,46554.00000000,0.01466571,0.000000,0.000000
1720065375.26206684,0.02114152,0.00227651,0.00000228,46563.00000000,0.01416837,0.000000,0.000000
1720065375.36191297,0.02113120,0.00226711,0.00000230,46578.00000000,0.01434082,0.000000,0.000000
1720065375.46215177,0.02113440,0.00546239,0.00000303,46589.00000000,0.02324508,0.000000,0.000000
1720065375.56198859,0.02113999,0.00586380,0.00000345,46598.00000000,0.02483051,0.000000,0.000000
1720065375.66183114,0.02113359,0.00337506,0.00000250,46616.00000000,0.01689933,0.000000,0.000000
1720065375.76246238,0.02112668,0.00268200,0.00000259,46625.00000000,0.01655201,0.000000,0.000000
1720065375.86231089,0.02112069,0.00242405,0.00000257,46643.00000000,0.01715241,0.000000,0.000000
1720065375.96215749,0.02111218,0.00233510,0.00000231,46666.00000000,0.01546097,0.000000,0.000000
1720065376.06199741,0.02110415,0.00236397,0.00000241,46678.00000000,0.01576434,0.000000,0.000000
1720065376.16183209,0.02110235,0.00258397,0.00000336,46671.00000000,0.01990541,0.000000,0.000000
1720065376.26246333,0.02109568,0.00242590,0.00000257,46674.00000000,0.01664814,0.000000,0.000000
1720065376.36230159,0.02108974,0.00245432,0.00000246,46680.00000000,0.01711943,0.000000,0.000000
1720065376.46214938,0.02114614,0.00719758,0.00001092,46671.00000000,0.05887578,0.000000,0.000000
1720065376.56199837,0.02113696,0.00236610,0.00000245,46691.00000000,0.01498469,0.000000,0.000000
1720065376.66183639,0.02113165,0.00243846,0.00000266,46626.00000000,0.01757229,0.000000,0.000000
1720065376.76247382,0.02112218,0.00228387,0.00000235,46603.00000000,0.01475700,0.000000,0.000000
1720065376.86231470,0.02111213,0.00231356,0.00000230,46603.00000000,0.01435144,0.000000,0.000000
1720065376.96215177,0.02110386,0.00262921,0.00000243,46614.00000000,0.01552877,0.000000,0.000000
1720065377.06199121,0.02110405,0.00366913,0.00000251,46611.00000000,0.02123350,0.000000,0.000000
1720065377.16183639,0.02109659,0.00240155,0.00000253,46607.00000000,0.01604931,0.000000,0.000000
1720065377.26246715,0.02108865,0.00252319,0.00000240,46618.00000000,0.01571248,0.000000,0.000000
1720065377.36230135,0.02113307,0.00894362,0.00000923,46590.00000000,0.05125481,0.000000,0.000000
1720065377.46214461,0.02112272,0.00237913,0.00000234,46587.00000000,0.01408940,0.000000,0.000000
1720065377.56197071,0.02111809,0.00262977,0.00000253,46595.00000000,0.01797372,0.000000,0.000000
1720065377.66182303,0.02110854,0.00232107,0.00000230,46576.00000000,0.01460265,0.000000,0.000000
1720065377.76246214,0.02110173,0.00226080,0.00000241,46566.00000000,0.01646077,0.000000,0.000000
1720065377.86230564,0.02109814,0.00243490,0.00000257,46578.00000000,0.01864283,0.000000,0.000000
1720065377.96215200,0.02108932,0.00232415,0.00000246,46585.00000000,0.01505669,0.000000,0.000000
